{
  "index": {
    "title": "主頁",
    "type": "page",
    "theme": {
      "layout": "raw"
    }
  },
  "plan1": {
    "title": "(一).海洋運動遊程創新與元宇宙"
  },
  "plan2": {
    "title": "(二).USR商品"
  },
  "plan3": {
    "title": "(三).和平島XR元宇宙"
  },
  "plan4": {
    "title": "(四).王爺海上游江文創系列商品"
  },
  "plan5": {
    "title": "(五).和平島海藻生態智慧監控"
  },
  
  "signin": {
    "title": "登入",
    "type": "page"
  }
}